{"cameraMode":{"drawMode":0,"name":"Shaded","section":"Shading Mode"},"sceneLighting":true,"audioPlay":false,"sceneViewState":{"showFog":true,"showMaterialUpdate":false,"showSkybox":true,"showFlares":true,"showImageEffects":true,"showParticleSystems":true},"in2DMode":false,"pivot":{"x":-3.4081759452819826,"y":2.9368162155151369,"z":-2.8008949756622316},"rotation":{"x":-0.01180837582796812,"y":-0.17783136665821076,"z":0.0021339356899261476,"w":-0.9839878678321838},"size":0.22967296838760377,"orthographic":false}