{"cameraMode":{"drawMode":0,"name":"Shaded","section":"Shading Mode"},"sceneLighting":true,"audioPlay":false,"sceneViewState":{"showFog":true,"showMaterialUpdate":true,"showSkybox":true,"showFlares":true,"showImageEffects":true,"showParticleSystems":true},"in2DMode":false,"pivot":{"x":0.4213560223579407,"y":-1.0501575469970704,"z":-0.6081719398498535},"rotation":{"x":0.6208891868591309,"y":-0.0058789970353245739,"z":0.00465637119486928,"w":0.7838625311851502},"size":20.175046920776368,"orthographic":false}